文件名,键名,日文原文,当前使用,使用来源,todo/new_翻译,jp_cn_翻译,data_翻译
ProduceSkill.json,p_memory_skill-common-hatsuboshi_idol_festival-p_trigger-start_audition-for_hif_memory-exam_status_enchant-exam_turn_timer-exam_status_enchant-01-001|1|ProduceDescriptionType_PlainText|ExamDescriptionType_Unknown|ProduceExamEffectType_Unknown|ProduceCardCategory_Unknown|ProduceCardMovePositionType_Unknown|ProduceStepType_Unknown||produceDescriptions[8].text,を,向,todo/new,向,会,向
ProduceSkill.json,p_memory_skill-common-hatsuboshi_idol_festival-p_trigger-start_audition-for_hif_memory-exam_status_enchant-exam_turn_timer-exam_status_enchant-01-002|1|ProduceDescriptionType_PlainText|ExamDescriptionType_Unknown|ProduceExamEffectType_Unknown|ProduceCardCategory_Unknown|ProduceCardMovePositionType_Unknown|ProduceStepType_Unknown||produceDescriptions[8].text,を,向,todo/new,向,会,向
ProduceSkill.json,p_memory_skill-common-hatsuboshi_idol_festival-p_trigger-start_audition-for_hif_memory-exam_status_enchant-exam_turn_timer-exam_status_enchant-01-003|1|ProduceDescriptionType_PlainText|ExamDescriptionType_Unknown|ProduceExamEffectType_Unknown|ProduceCardCategory_Unknown|ProduceCardMovePositionType_Unknown|ProduceStepType_Unknown||produceDescriptions[8].text,を,向,todo/new,向,会,向
ProduceSkill.json,p_memory_skill-common-hatsuboshi_idol_festival-p_trigger-start_audition-for_hif_memory-exam_status_enchant-exam_turn_timer-exam_status_enchant-01-004|1|ProduceDescriptionType_PlainText|ExamDescriptionType_Unknown|ProduceExamEffectType_Unknown|ProduceCardCategory_Unknown|ProduceCardMovePositionType_Unknown|ProduceStepType_Unknown||produceDescriptions[8].text,を,向,todo/new,向,会,向
ProduceSkill.json,p_memory_skill-common-hatsuboshi_idol_festival-p_trigger-start_audition-for_hif_memory-exam_status_enchant-exam_turn_timer-exam_status_enchant-01-005|1|ProduceDescriptionType_PlainText|ExamDescriptionType_Unknown|ProduceExamEffectType_Unknown|ProduceCardCategory_Unknown|ProduceCardMovePositionType_Unknown|ProduceStepType_Unknown||produceDescriptions[8].text,を,向,todo/new,向,会,向
ProduceSkill.json,p_memory_skill-common-hatsuboshi_idol_festival-p_trigger-start_audition-for_hif_memory-exam_status_enchant-exam_turn_timer-exam_status_enchant-01-006|1|ProduceDescriptionType_PlainText|ExamDescriptionType_Unknown|ProduceExamEffectType_Unknown|ProduceCardCategory_Unknown|ProduceCardMovePositionType_Unknown|ProduceStepType_Unknown||produceDescriptions[8].text,を,向,todo/new,向,会,向
ProduceSkill.json,p_memory_skill-common-hatsuboshi_idol_festival-p_trigger-start_audition-for_hif_memory-exam_status_enchant-exam_turn_timer-exam_status_enchant-01-007|1|ProduceDescriptionType_PlainText|ExamDescriptionType_Unknown|ProduceExamEffectType_Unknown|ProduceCardCategory_Unknown|ProduceCardMovePositionType_Unknown|ProduceStepType_Unknown||produceDescriptions[8].text,を,向,todo/new,向,会,向
ProduceSkill.json,p_memory_skill-common-hatsuboshi_idol_festival-p_trigger-start_audition-for_hif_memory-exam_status_enchant-exam_turn_timer-exam_status_enchant-01-008|1|ProduceDescriptionType_PlainText|ExamDescriptionType_Unknown|ProduceExamEffectType_Unknown|ProduceCardCategory_Unknown|ProduceCardMovePositionType_Unknown|ProduceStepType_Unknown||produceDescriptions[8].text,を,向,todo/new,向,会,向
ProduceSkill.json,p_memory_skill-common-hatsuboshi_idol_festival-p_trigger-start_audition-for_hif_memory-exam_status_enchant-exam_turn_timer-exam_status_enchant-01-009|1|ProduceDescriptionType_PlainText|ExamDescriptionType_Unknown|ProduceExamEffectType_Unknown|ProduceCardCategory_Unknown|ProduceCardMovePositionType_Unknown|ProduceStepType_Unknown||produceDescriptions[8].text,を,向,todo/new,向,会,向
ProduceSkill.json,p_memory_skill-common-hatsuboshi_idol_festival-p_trigger-start_audition-for_hif_memory-exam_status_enchant-exam_turn_timer-exam_status_enchant-01-010|1|ProduceDescriptionType_PlainText|ExamDescriptionType_Unknown|ProduceExamEffectType_Unknown|ProduceCardCategory_Unknown|ProduceCardMovePositionType_Unknown|ProduceStepType_Unknown||produceDescriptions[8].text,を,向,todo/new,向,会,向
ProduceSkill.json,p_memory_skill-common-hatsuboshi_idol_festival-p_trigger-start_audition-for_hif_memory-exam_status_enchant-exam_turn_timer-exam_status_enchant-01-011|1|ProduceDescriptionType_PlainText|ExamDescriptionType_Unknown|ProduceExamEffectType_Unknown|ProduceCardCategory_Unknown|ProduceCardMovePositionType_Unknown|ProduceStepType_Unknown||produceDescriptions[8].text,を,向,todo/new,向,会,向
ProduceSkill.json,p_memory_skill-common-hatsuboshi_idol_festival-p_trigger-start_audition-for_hif_memory-exam_status_enchant-exam_turn_timer-exam_status_enchant-01-012|1|ProduceDescriptionType_PlainText|ExamDescriptionType_Unknown|ProduceExamEffectType_Unknown|ProduceCardCategory_Unknown|ProduceCardMovePositionType_Unknown|ProduceStepType_Unknown||produceDescriptions[8].text,を,向,todo/new,向,会,向
ProduceSkill.json,p_memory_skill-common-hatsuboshi_idol_festival-p_trigger-start_audition-for_hif_memory-exam_status_enchant-exam_turn_timer-exam_status_enchant-01-013|1|ProduceDescriptionType_PlainText|ExamDescriptionType_Unknown|ProduceExamEffectType_Unknown|ProduceCardCategory_Unknown|ProduceCardMovePositionType_Unknown|ProduceStepType_Unknown||produceDescriptions[8].text,を,向,todo/new,向,会,向
ProduceSkill.json,p_memory_skill-common-hatsuboshi_idol_festival-p_trigger-start_audition-for_hif_memory-exam_status_enchant-exam_turn_timer-exam_status_enchant-01-014|1|ProduceDescriptionType_PlainText|ExamDescriptionType_Unknown|ProduceExamEffectType_Unknown|ProduceCardCategory_Unknown|ProduceCardMovePositionType_Unknown|ProduceStepType_Unknown||produceDescriptions[8].text,を,向,todo/new,向,会,向
ProduceSkill.json,p_memory_skill-common-hatsuboshi_idol_festival-p_trigger-start_audition-for_hif_memory-exam_status_enchant-exam_turn_timer-exam_status_enchant-01-015|1|ProduceDescriptionType_PlainText|ExamDescriptionType_Unknown|ProduceExamEffectType_Unknown|ProduceCardCategory_Unknown|ProduceCardMovePositionType_Unknown|ProduceStepType_Unknown||produceDescriptions[8].text,を,向,todo/new,向,会,向
ProduceSkill.json,p_memory_skill-common-hatsuboshi_idol_festival-p_trigger-start_audition-for_hif_memory-exam_status_enchant-exam_turn_timer-exam_status_enchant-01-016|1|ProduceDescriptionType_PlainText|ExamDescriptionType_Unknown|ProduceExamEffectType_Unknown|ProduceCardCategory_Unknown|ProduceCardMovePositionType_Unknown|ProduceStepType_Unknown||produceDescriptions[8].text,を,向,todo/new,向,会,向
ProduceSkill.json,p_memory_skill-common-hatsuboshi_idol_festival-p_trigger-start_audition-for_hif_memory-exam_status_enchant-exam_turn_timer-exam_status_enchant-01-017|1|ProduceDescriptionType_PlainText|ExamDescriptionType_Unknown|ProduceExamEffectType_Unknown|ProduceCardCategory_Unknown|ProduceCardMovePositionType_Unknown|ProduceStepType_Unknown||produceDescriptions[8].text,を,向,todo/new,向,会,向
ProduceSkill.json,p_memory_skill-common-hatsuboshi_idol_festival-p_trigger-start_audition-for_hif_memory-exam_status_enchant-exam_turn_timer-exam_status_enchant-01-018|1|ProduceDescriptionType_PlainText|ExamDescriptionType_Unknown|ProduceExamEffectType_Unknown|ProduceCardCategory_Unknown|ProduceCardMovePositionType_Unknown|ProduceStepType_Unknown||produceDescriptions[8].text,を,向,todo/new,向,会,向
ProduceSkill.json,p_memory_skill-common-hatsuboshi_idol_festival-p_trigger-start_audition-for_hif_memory-exam_status_enchant-exam_turn_timer-exam_status_enchant-01-019|1|ProduceDescriptionType_PlainText|ExamDescriptionType_Unknown|ProduceExamEffectType_Unknown|ProduceCardCategory_Unknown|ProduceCardMovePositionType_Unknown|ProduceStepType_Unknown||produceDescriptions[8].text,を,向,todo/new,向,会,向
ProduceSkill.json,p_memory_skill-common-hatsuboshi_idol_festival-p_trigger-start_audition-for_hif_memory-exam_status_enchant-exam_turn_timer-exam_status_enchant-01-020|1|ProduceDescriptionType_PlainText|ExamDescriptionType_Unknown|ProduceExamEffectType_Unknown|ProduceCardCategory_Unknown|ProduceCardMovePositionType_Unknown|ProduceStepType_Unknown||produceDescriptions[8].text,を,向,todo/new,向,会,向
ProduceSkill.json,p_memory_skill-common-hatsuboshi_idol_festival-p_trigger-start_audition-for_hif_memory-exam_status_enchant-exam_turn_timer-exam_status_enchant-01-021|1|ProduceDescriptionType_PlainText|ExamDescriptionType_Unknown|ProduceExamEffectType_Unknown|ProduceCardCategory_Unknown|ProduceCardMovePositionType_Unknown|ProduceStepType_Unknown||produceDescriptions[8].text,を,向,todo/new,向,会,向
ProduceSkill.json,p_memory_skill-common-hatsuboshi_idol_festival-p_trigger-start_audition-for_hif_memory-exam_status_enchant-exam_turn_timer-exam_status_enchant-01-022|1|ProduceDescriptionType_PlainText|ExamDescriptionType_Unknown|ProduceExamEffectType_Unknown|ProduceCardCategory_Unknown|ProduceCardMovePositionType_Unknown|ProduceStepType_Unknown||produceDescriptions[8].text,を,向,todo/new,向,会,向
ProduceSkill.json,p_memory_skill-common-hatsuboshi_idol_festival-p_trigger-start_audition-for_hif_memory-exam_status_enchant-exam_turn_timer-exam_status_enchant-01-023|1|ProduceDescriptionType_PlainText|ExamDescriptionType_Unknown|ProduceExamEffectType_Unknown|ProduceCardCategory_Unknown|ProduceCardMovePositionType_Unknown|ProduceStepType_Unknown||produceDescriptions[8].text,を,向,todo/new,向,会,向
ProduceSkill.json,p_memory_skill-common-hatsuboshi_idol_festival-p_trigger-start_audition-for_hif_memory-exam_status_enchant-exam_turn_timer-exam_status_enchant-01-024|1|ProduceDescriptionType_PlainText|ExamDescriptionType_Unknown|ProduceExamEffectType_Unknown|ProduceCardCategory_Unknown|ProduceCardMovePositionType_Unknown|ProduceStepType_Unknown||produceDescriptions[8].text,を,向,todo/new,向,会,向
ProduceSkill.json,p_memory_skill-common-hatsuboshi_idol_festival-p_trigger-start_audition-for_hif_memory-exam_status_enchant-exam_turn_timer-exam_status_enchant-01-025|1|ProduceDescriptionType_PlainText|ExamDescriptionType_Unknown|ProduceExamEffectType_Unknown|ProduceCardCategory_Unknown|ProduceCardMovePositionType_Unknown|ProduceStepType_Unknown||produceDescriptions[8].text,を,向,todo/new,向,会,向
ProduceSkill.json,p_memory_skill-common-hatsuboshi_idol_festival-p_trigger-start_audition-for_hif_memory-exam_status_enchant-exam_turn_timer-exam_status_enchant-01-026|1|ProduceDescriptionType_PlainText|ExamDescriptionType_Unknown|ProduceExamEffectType_Unknown|ProduceCardCategory_Unknown|ProduceCardMovePositionType_Unknown|ProduceStepType_Unknown||produceDescriptions[8].text,を,向,todo/new,向,会,向
ProduceSkill.json,p_memory_skill-common-hatsuboshi_idol_festival-p_trigger-start_audition-for_hif_memory-exam_status_enchant-exam_turn_timer-exam_status_enchant-01-027|1|ProduceDescriptionType_PlainText|ExamDescriptionType_Unknown|ProduceExamEffectType_Unknown|ProduceCardCategory_Unknown|ProduceCardMovePositionType_Unknown|ProduceStepType_Unknown||produceDescriptions[8].text,を,向,todo/new,向,会,向
ProduceSkill.json,p_memory_skill-common-hatsuboshi_idol_festival-p_trigger-start_audition-for_hif_memory-exam_status_enchant-exam_turn_timer-exam_status_enchant-01-028|1|ProduceDescriptionType_PlainText|ExamDescriptionType_Unknown|ProduceExamEffectType_Unknown|ProduceCardCategory_Unknown|ProduceCardMovePositionType_Unknown|ProduceStepType_Unknown||produceDescriptions[8].text,を,向,todo/new,向,会,向
ProduceSkill.json,p_memory_skill-common-hatsuboshi_idol_festival-p_trigger-start_audition-for_hif_memory-exam_status_enchant-exam_turn_timer-exam_status_enchant-01-029|1|ProduceDescriptionType_PlainText|ExamDescriptionType_Unknown|ProduceExamEffectType_Unknown|ProduceCardCategory_Unknown|ProduceCardMovePositionType_Unknown|ProduceStepType_Unknown||produceDescriptions[8].text,を,向,todo/new,向,会,向
ProduceSkill.json,p_memory_skill-common-hatsuboshi_idol_festival-p_trigger-start_audition-for_hif_memory-exam_status_enchant-exam_turn_timer-exam_status_enchant-01-030|1|ProduceDescriptionType_PlainText|ExamDescriptionType_Unknown|ProduceExamEffectType_Unknown|ProduceCardCategory_Unknown|ProduceCardMovePositionType_Unknown|ProduceStepType_Unknown||produceDescriptions[8].text,を,向,todo/new,向,会,向
ProduceSkill.json,p_memory_skill-common-hatsuboshi_idol_festival-p_trigger-start_audition-for_hif_memory-exam_status_enchant-exam_turn_timer-exam_status_enchant-01-031|1|ProduceDescriptionType_PlainText|ExamDescriptionType_Unknown|ProduceExamEffectType_Unknown|ProduceCardCategory_Unknown|ProduceCardMovePositionType_Unknown|ProduceStepType_Unknown||produceDescriptions[8].text,を,向,todo/new,向,会,向
ProduceSkill.json,p_memory_skill-common-hatsuboshi_idol_festival-p_trigger-start_audition-for_hif_memory-exam_status_enchant-exam_turn_timer-exam_status_enchant-01-032|1|ProduceDescriptionType_PlainText|ExamDescriptionType_Unknown|ProduceExamEffectType_Unknown|ProduceCardCategory_Unknown|ProduceCardMovePositionType_Unknown|ProduceStepType_Unknown||produceDescriptions[8].text,を,向,todo/new,向,会,向
ProduceSkill.json,p_memory_skill-common-hatsuboshi_idol_festival-p_trigger-start_audition-for_hif_memory-exam_status_enchant-exam_turn_timer-exam_status_enchant-01-033|1|ProduceDescriptionType_PlainText|ExamDescriptionType_Unknown|ProduceExamEffectType_Unknown|ProduceCardCategory_Unknown|ProduceCardMovePositionType_Unknown|ProduceStepType_Unknown||produceDescriptions[8].text,を,向,todo/new,向,会,向
ProduceSkill.json,p_memory_skill-common-hatsuboshi_idol_festival-p_trigger-start_audition-for_hif_memory-exam_status_enchant-exam_turn_timer-exam_status_enchant-01-034|1|ProduceDescriptionType_PlainText|ExamDescriptionType_Unknown|ProduceExamEffectType_Unknown|ProduceCardCategory_Unknown|ProduceCardMovePositionType_Unknown|ProduceStepType_Unknown||produceDescriptions[8].text,を,向,todo/new,向,会,向
ProduceSkill.json,p_support_skill-common-p_trigger-start_shop-no_description-shop_produce_card_delete_price_discount_multiple-02-001|1|ProduceDescriptionType_PlainText|ExamDescriptionType_Unknown|ProduceExamEffectType_Unknown|ProduceCardCategory_Unknown|ProduceCardMovePositionType_Unknown|ProduceStepType_Unknown||produceDescriptions[2].text,を,会,jp_cn(智能解决),向,会,会
ProduceSkill.json,p_support_skill-common-p_trigger-start_shop-no_description-shop_produce_card_delete_price_discount_multiple-02-001|2|ProduceDescriptionType_PlainText|ExamDescriptionType_Unknown|ProduceExamEffectType_Unknown|ProduceCardCategory_Unknown|ProduceCardMovePositionType_Unknown|ProduceStepType_Unknown||produceDescriptions[2].text,を,会,jp_cn(智能解决),向,会,会
ProduceSkill.json,p_support_skill-common-p_trigger-start_shop-no_description-shop_produce_card_delete_price_discount_multiple-03-001|1|ProduceDescriptionType_PlainText|ExamDescriptionType_Unknown|ProduceExamEffectType_Unknown|ProduceCardCategory_Unknown|ProduceCardMovePositionType_Unknown|ProduceStepType_Unknown||produceDescriptions[2].text,を,会,jp_cn(智能解决),向,会,会
ProduceSkill.json,p_support_skill-common-p_trigger-start_shop-no_description-shop_produce_card_delete_price_discount_multiple-03-001|2|ProduceDescriptionType_PlainText|ExamDescriptionType_Unknown|ProduceExamEffectType_Unknown|ProduceCardCategory_Unknown|ProduceCardMovePositionType_Unknown|ProduceStepType_Unknown||produceDescriptions[2].text,を,会,jp_cn(智能解决),向,会,会
ProduceSkill.json,p_support_skill-common-p_trigger-start_shop-no_description-shop_produce_card_delete_price_discount_multiple-03-001|3|ProduceDescriptionType_PlainText|ExamDescriptionType_Unknown|ProduceExamEffectType_Unknown|ProduceCardCategory_Unknown|ProduceCardMovePositionType_Unknown|ProduceStepType_Unknown||produceDescriptions[2].text,を,会,jp_cn(智能解决),向,会,会
ProduceSkill.json,p_support_skill-common-p_trigger-start_shop-no_description-shop_produce_card_upgrade_price_discount_multiple-02-001|1|ProduceDescriptionType_PlainText|ExamDescriptionType_Unknown|ProduceExamEffectType_Unknown|ProduceCardCategory_Unknown|ProduceCardMovePositionType_Unknown|ProduceStepType_Unknown||produceDescriptions[2].text,を,会,jp_cn(智能解决),向,会,会
ProduceSkill.json,p_support_skill-common-p_trigger-start_shop-no_description-shop_produce_card_upgrade_price_discount_multiple-02-001|2|ProduceDescriptionType_PlainText|ExamDescriptionType_Unknown|ProduceExamEffectType_Unknown|ProduceCardCategory_Unknown|ProduceCardMovePositionType_Unknown|ProduceStepType_Unknown||produceDescriptions[2].text,を,会,jp_cn(智能解决),向,会,会
ProduceSkill.json,p_support_skill-common-p_trigger-start_shop-no_description-shop_produce_card_upgrade_price_discount_multiple-03-001|1|ProduceDescriptionType_PlainText|ExamDescriptionType_Unknown|ProduceExamEffectType_Unknown|ProduceCardCategory_Unknown|ProduceCardMovePositionType_Unknown|ProduceStepType_Unknown||produceDescriptions[2].text,を,会,jp_cn(智能解决),向,会,会
ProduceSkill.json,p_support_skill-common-p_trigger-start_shop-no_description-shop_produce_card_upgrade_price_discount_multiple-03-001|2|ProduceDescriptionType_PlainText|ExamDescriptionType_Unknown|ProduceExamEffectType_Unknown|ProduceCardCategory_Unknown|ProduceCardMovePositionType_Unknown|ProduceStepType_Unknown||produceDescriptions[2].text,を,会,jp_cn(智能解决),向,会,会
ProduceSkill.json,p_support_skill-common-p_trigger-start_shop-no_description-shop_produce_card_upgrade_price_discount_multiple-03-001|3|ProduceDescriptionType_PlainText|ExamDescriptionType_Unknown|ProduceExamEffectType_Unknown|ProduceCardCategory_Unknown|ProduceCardMovePositionType_Unknown|ProduceStepType_Unknown||produceDescriptions[2].text,を,会,jp_cn(智能解决),向,会,会
